activeAction	0x100	?	engine
bg_debugWeaponAnim	0x200	0	cgame
bg_debugWeaponState	0x200	0	cgame
bg_fallDamageMaxHeight	0x208	480	cgame
bg_fallDamageMinHeight	0x208	256	cgame
bg_foliagesnd_fastinterval	0xa00	500	cgame
bg_foliagesnd_maxspeed	0xa00	180	cgame
bg_foliagesnd_minspeed	0xa00	40	cgame
bg_foliagesnd_resetinterval	0xa00	500	cgame
bg_foliagesnd_slowinterval	0xa00	1500	cgame
bg_ladder_yawcap	0xa00	100	cgame
bg_prone_yawcap	0xa00	85	cgame
bg_swingSpeed	0x200	0.2	cgame
bg_viewheight_crouched	0xa00	40	cgame
bg_viewheight_prone	0xa00	11	cgame
bg_viewheight_standing	0xa00	60	cgame
cg_animState	0x200	0	cgame
cg_autodemo	0x1	0	cgame
cg_autoscreenshot	0x1	0	cgame
cg_blood	0x1	1	cgame
cg_bobAmplitudeDucked	0xa00	0.0075	cgame
cg_bobAmplitudeProne	0xa00	0.03	cgame
cg_bobAmplitudeStanding	0xa00	0.007	cgame
cg_bobMax	0xa00	8	cgame
cg_brass	0x1	1	cgame
cg_centertime	0x200	5	cgame
cg_chatHeight	0x1	8	cgame
cg_chatTime	0x1	12000	cgame
cg_crosshairAlpha	0x1	1.0	cgame
cg_crosshairAlphaMin	0x1	0.7	cgame
cg_crosshairDynamic	0x1	0	cgame
cg_crosshairNoGun	0x1	gfx/reticle/hud@center_ads.tga	cgame
cg_crosshairSize	0x1	48	engine
cg_currentSelectedPlayer	0x1	0	cgame
cg_cursorHints	0x1	4	engine
cg_deadbodyque	0x1	32	cgame
cg_debuganim	0x200	0	cgame
cg_debugevents	0x200	0	cgame
cg_debugposition	0x200	0	cgame
cg_debugProneCheck	0x200	0	cgame
cg_debugProneCheckDepthCheck	0x200	1	cgame
cg_descriptiveText	0x1	1	engine
cg_draw2D	0x200	1	cgame
cg_drawCompass	0x1	1	engine
cg_drawCrosshair	0x1	1	engine
cg_drawCrosshairNames	0x1	1	cgame
cg_drawCrosshairPickups	0x1	1	cgame
cg_drawFPS	0x1	0	cgame
cg_drawGun	0x1	1	engine
cg_drawNotifyText	0x1	1	engine
cg_drawRewards	0x1	1	cgame
cg_drawScriptUsage	0x0	0	cgame
cg_drawShader	0x200	0	cgame
cg_drawSnapshot	0x1	0	cgame
cg_drawSoundOverlay	0x0	0	cgame
cg_drawStatus	0x1	1	cgame
cg_drawTeamOverlay	0x1	2	cgame
cg_dumpAnims	0x200	-1	cgame
cg_errordecay	0x0	100	cgame
cg_footsteps	0x200	1	cgame
cg_fov	0x201	80	cgame
cg_gameBoldMessageWidth	0x1	60	cgame
cg_gameMessageWidth	0x1	70	cgame
cg_gun_move_f	0x200	0	cgame
cg_gun_move_minspeed	0x200	0	cgame
cg_gun_move_r	0x200	0	cgame
cg_gun_move_rate	0x200	0	cgame
cg_gun_move_u	0x200	0	cgame
cg_gun_ofs_f	0x200	0	cgame
cg_gun_ofs_r	0x200	0	cgame
cg_gun_ofs_u	0x200	0	cgame
cg_gunX	0x200	0	cgame
cg_gunY	0x200	0	cgame
cg_gunZ	0x200	0	cgame
cg_hintFadeTime	0x1	100	cgame
cg_hudAlpha	0x1	1.0	cgame
cg_hudCompassMaxRange	0x1	1024	cgame
cg_hudCompassMinRadius	0x1	0	cgame
cg_hudCompassMinRange	0x1	0	cgame
cg_hudCompassSize	0x1	1.0	cgame
cg_hudCompassSpringyPointers	0x1	0	cgame
cg_hudDamageIconHeight	0x1	64	cgame
cg_hudDamageIconInScope	0x201	0	cgame
cg_hudDamageIconOffset	0x1	32	cgame
cg_hudDamageIconTime	0x1	2000	cgame
cg_hudDamageIconWidth	0x1	128	cgame
cg_hudFiles	0x0	ui_mp/hud.txt	cgame
cg_hudObjectiveMaxHeight	0x1	70	cgame
cg_hudObjectiveMaxRange	0x1	2048	cgame
cg_hudObjectiveMinAlpha	0x1	1	cgame
cg_hudObjectiveMinHeight	0x1	-70	cgame
cg_hudStanceFlash_b	0x0	0.3	cgame
cg_hudStanceFlash_g	0x0	1.0	cgame
cg_hudStanceFlash_r	0x0	1.0	cgame
cg_hudStanceHintPrints	0x1	0	cgame
cg_ignore	0x0	0	cgame
cg_lagometer	0x1	0	cgame
cg_letterbox	0x100	0	cgame
cg_marks	0x1	1	cgame
cg_noplayeranims	0x200	0	cgame
cg_nopredict	0x0	0	cgame
cg_norender	0x0	0	cgame
cg_noTaunt	0x1	0	cgame
cg_noVoiceChats	0x1	0	engine
cg_noVoiceText	0x1	0	engine
cg_predictItems	0x3	1	engine
cg_railTrailTime	0x1	400	cgame
cg_scoreboardScrollStep	0x1	3	cgame
cg_shadows	0x201	0	engine-ri
cg_shock_mouse	0x200	1	cgame
cg_shock_mouse_fadeTime	0x200	2	cgame
cg_shock_mouse_maxpitchspeed	0x200	90	cgame
cg_shock_mouse_maxyawspeed	0x200	90	cgame
cg_shock_mouse_sensitivityscale	0x0	cg_shock_mouse_fadeTime	cgame
cg_shock_screenBlendFadeTime	0x200	1	cgame
cg_shock_screenBlendTime	0x200	0.4	cgame
cg_shock_sound	0x200	1	cgame
cg_shock_soundFadeInTime	0x200	0.25	cgame
cg_shock_soundFadeOutTime	0x200	2.5	cgame
cg_shock_soundLoopEndDelay	0x200	-3.0	cgame
cg_shock_soundLoopFadeTime	0x200	1.5	cgame
cg_shock_soundModEndDelay	0x200	2	cgame
cg_shock_soundRoomType	0x200	underwater	cgame
cg_shock_soundWetLevel	0x200	0.5	cgame
cg_shock_viewKickPeriod	0x200	.75	cgame
cg_shock_viewKickRadius	0x200	.05	cgame
cg_shock_volume_announcer	0x200	1.0	cgame
cg_shock_volume_auto	0x200	0.1	cgame
cg_shock_volume_body	0x200	0.1	cgame
cg_shock_volume_item	0x200	0.1	cgame
cg_shock_volume_local	0x200	1.0	cgame
cg_shock_volume_menu	0x200	1.0	cgame
cg_shock_volume_music	0x200	1.0	cgame
cg_shock_volume_shellshock	0x200	1.0	cgame
cg_shock_volume_voice	0x200	0.2	cgame
cg_shock_volume_weapon	0x200	0.5	cgame
cg_showdemoname	0x1	1	cgame
cg_showmiss	0x0	0	cgame
cg_skybox	0x0	1	engine-ri
cg_stats	0x0	0	cgame
cg_stereoSeparation	0x1	0.4	cgame
cg_subtitleMinTime	0x1	3	cgame
cg_subtitles	0x1	1	cgame
cg_subtitleWidth	0x1	80	cgame
cg_teamChatsOnly	0x1	0	engine
cg_thirdPerson	0x200	0	cgame
cg_thirdPersonAngle	0x200	0	cgame
cg_thirdPersonRange	0x200	120	cgame
cg_tracerchance	0x200	0.4	cgame
cg_tracerlength	0x200	160	cgame
cg_tracerSpeed	0x200	4500	cgame
cg_tracerwidth	0x200	0.8	cgame
cg_viewsize	0x1	100	engine
cg_voiceSpriteTime	0x1	6000	engine
cg_weaponCycleDelay	0x1	0	cgame
cg_weaponSelect	0x40	0	cgame
cl_allowDownload	0x1	0	engine
cl_anonymous	0x3	0	engine
cl_freelook	0x1	1	engine
cl_freezeDemo	0x100	0	engine
cl_goStandJumpTime	0x1	0	engine
cl_guid	0x42	unknown	engine
cl_ingame	0x40	0	engine
cl_language	0x21	0	engine
cl_languagesavailable	0x0	0	engine
cl_languagetranslate	0x20	1	engine
cl_languagewarnings	0x0	0	engine
cl_languagewarningsaserrors	0x0	0	cgame
cl_maxpackets	0x1	30	engine
cl_maxPing	0x1	800	engine
cl_motdString	0x40	?	engine
cl_mouseAccel	0x1	0	engine
cl_noautoupdate	0x40	0	engine
cl_nodelta	0x0	0	engine
cl_packetdup	0x1	1	engine
cl_paused	0x40	0	engine
cl_pitchspeed	0x1	140	engine
cl_punkbuster	0x43	0	engine
cl_run	0x100	1	engine
cl_running	0x40	0	engine
cl_serverloadgametype	0x40	?	engine
cl_serverloadmap	0x40	?	engine
cl_serverloadwaiting	0x40	0	engine
cl_shownet	0x100	0	engine
cl_shownuments	0x100	0	engine
cl_showSend	0x100	0	engine
cl_showTimeDelta	0x100	0	engine
cl_stance	0x100	0	engine
cl_stanceTemp	0x100	0	engine
cl_timeNudge	0x100	0	engine
cl_updateavailable	0x40	0	engine
cl_updatefiles	0x40	?	engine
cl_updateoldversion	0x40	?	engine
cl_updateversion	0x40	?	engine
cl_viewPitchCompensate	0x40	0	engine
cl_viewYawCompensate	0x40	0	engine
cl_visibleClients	0x100	0	engine
cl_waitForFire	0x40	0	engine
cl_wwwDownload	0x3	1	engine
cl_xmodelcheck	0x21	0	engine
cl_yawspeed	0x1	140	engine
cm_noCurves	0x200	0	engine
cm_playerCurveClip	0x201	1	engine
com_errorMessage	0x40	?	engine
com_hunkMegs	0x21	128	engine
con_minicon	0x1	0	engine
con_miniconlines	0x1	5	engine
con_minicontime	0x1	4	engine
con_restricted	0x10	0	engine
debuggraph	0x200	0	engine
dedicated	0x0	0	engine
developer	0x100	0	engine
developer_script	0x100	0	engine
fixedtime	0x200	0	engine
fs_basegame	0x10	?	engine
fs_basepath	0x10	?	engine
fs_cdpath	0x10	?	engine
fs_copyfiles	0x10	0	engine
fs_debug	0x0	0	engine
fs_game	0xc	?	engine
fs_ignoreLozalized	0x220	0	engine
fs_restrict	0x10	?	engine
fx_count	0x200	0	engine
fx_debug	0x200	0	engine
fx_debugBolt	0x200	0	engine
fx_draw	0x200	1	engine
fx_enable	0x200	1	engine
fx_freeze	0x200	0	engine
g_complaintlimit	0x1	3	engine
g_gametype	0x24	dm	engine
g_synchronousClients	0x0	0	cgame
graphheight	0x200	32	engine
graphscale	0x200	1	engine
graphshift	0x200	0	engine
grenade_pickup	0x0	xmodel/ammo_stielhandgranate1	cgame
handicap	0x3	100	engine
health_pickup_large	0x0	xmodel/health_large	cgame
health_pickup_medium	0x0	xmodel/health_medium	cgame
health_pickup_small	0x0	xmodel/health_small	cgame
in_debugjoystick	0x100	0	engine
in_joyBallScale	0x1	0.02	engine
in_joystick	0x21	0	engine
in_midi	0x1	0	engine
in_midichannel	0x1	1	engine
in_midiport	0x1	1	engine
in_mouse	0x21	1	engine
journal	0x10	0	engine
joy_threshold	0x1	0.15	engine
m_filter	0x1	0	engine
m_forward	0x1	0.25	engine
m_pitch	0x1	0.022	engine
m_side	0x1	0.25	engine
m_yaw	0x1	0.022	engine
mapname	0x44	nomap	engine
model	0x3	?	engine
mss_3d_provider	0x21	Miles Fast 2D Positional Audio	engine
mss_khz	0x21	44	engine
mss_q3fs	0x20	1	engine
mss_roomtype	0x200	0	engine
mss_stereo	0x21	1	engine
mss_wetlevel	0x200	0	engine
name	0x3	Unknown Soldier	engine
net_ip	0x20	localhost	engine
net_lanauthorize	0x0	0	engine
net_noipx	0x21	0	engine
net_noudp	0x21	0	engine
net_showprofile	0x100	0	engine
net_socksEnabled	0x21	0	engine
net_socksPassword	0x21	?	engine
net_socksPort	0x21	1080	engine
net_socksServer	0x21	?	engine
net_socksUsername	0x21	?	engine
none	0x8	displayName	cgame
password	0x2	?	engine
pmove_fixed	0x0	0	cgame
pmove_msec	0x0	8	cgame
r_allowSoftwareGL	0x20	0	engine-ri
r_arb_texture_cube_map	0x20	1	engine-ri
r_arb_texture_env_add	0x20	1	engine-ri
r_arb_texture_env_combine	0x20	1	engine-ri
r_arb_texture_env_dot3	0x20	1	engine-ri
r_arb_vertex_buffer_object	0x20	1	engine-ri
r_arb_vertex_program	0x20	1	engine-ri
r_ati_element_array	0x20	1	engine-ri
r_ati_fragment_shader	0x20	1	engine-ri
r_ati_fsaa_samples	0x1	1	engine-ri
r_ati_pntriangles	0x21	0	engine-ri
r_ati_truform_normalmode	0x1	QUADRATIC	engine-ri
r_ati_truform_pointmode	0x1	CUBIC	engine-ri
r_ati_truform_tess	0x1	1	engine-ri
r_ati_vertex_array_object	0x20	1	engine-ri
r_clear	0x0	0	engine-ri
r_colorbits	0x21	32	engine-ri
r_colorMipLevels	0x220	0	engine-ri
r_cullBModels	0x0	1	engine-ri
r_cullXModels	0x0	1	engine-ri
r_customaspect	0x21	1	engine-ri
r_customheight	0x21	1024	engine-ri
r_customwidth	0x21	1600	engine-ri
r_debugEntLight	0x200	0	engine-ri
r_debugGLErrors	0x0	0	engine-ri
r_debugOptTex	0x0	0	engine-ri
r_debugSort	0x200	0	engine-ri
r_depthbits	0x21	0	engine-ri
r_detailtextures	0x21	1	engine-ri
r_diffuseSunQuality	0x1	2	engine-ri
r_diffuseSunSteps	0x1	3	engine-ri
r_displayRefresh	0x20	0	engine-ri
r_dlightQuality	0x1	1	engine-ri
r_dlightRadius	0x0	0.1124278	engine-ri
r_dlightShift	0x0	0.3162278	engine-ri
r_drawBModels	0x200	1	engine-ri
r_drawBuffer	0x200	GL_BACK	engine-ri
r_drawentities	0x200	1	engine-ri
r_drawSModels	0x200	1	engine-ri
r_drawSun	0x1	1	engine-ri
r_drawworld	0x200	1	engine-ri
r_drawXModels	0x200	1	engine-ri
r_dynamiclight	0x1	1	engine-ri
r_entFullbright	0x200	0	engine-ri
r_entLightCutoff	0x1	0.2	engine-ri
r_entMinLight	0x200	.15	engine-ri
r_errorOnConflicts	0x0	1	engine-ri
r_ext_compiled_vertex_array	0x20	1	engine-ri
r_ext_draw_range_elements	0x20	1	engine-ri
r_ext_rescale_normal	0x20	1	engine-ri
r_ext_texture_filter_anisotropic	0x1	0	engine-ri
r_fastsky	0x1	0	engine-ri
r_finish	0x1	0	engine-ri
r_flareFadeIn	0x200	.2	engine-ri
r_flareFadeOut	0x200	.2	engine-ri
r_flares	0x200	1	engine-ri
r_flareSize	0x200	96	engine-ri
r_fog	0x200	1	engine-ri
r_fullbright	0x220	0	engine-ri
r_fullscreen	0x21	1	engine
r_gamma	0x1	1.0	engine-ri
r_graymap	0x220	0	engine-ri
r_highLodDist	0x200	-1	engine-ri
r_ignore	0x0	1	engine-ri
r_ignoreGLErrors	0x1	1	engine-ri
r_ignorehwgamma	0x21	0	engine-ri
r_inGameVideo	0x1	1	engine
r_intensity	0x220	1	engine-ri
r_lastValidRenderer	0x1	(uninitialized)	engine-ri
r_lightmap	0x200	0	engine-ri
r_lockpvs	0x200	0	engine-ri
r_lodbias	0x1	0	engine-ri
r_lodscale	0x1	1	engine-ri
r_lodViewDist	0x200	0	engine-ri
r_logFile	0x0	0	engine-ri
r_lowLodDist	0x200	0	engine-ri
r_maxActiveTextures	0x20	0	engine-ri
r_maxEntLights	0x1	8	engine-ri
r_maxTextureSize	0x20	0	engine-ri
r_measureOverdraw	0x200	0	engine-ri
r_mediumLodDist	0x200	0	engine-ri
r_mem_agp	0x21	8	engine-ri
r_mem_backend	0x21	0.5	engine-ri
r_mem_manual	0x21	0	engine-ri
r_mem_video	0x21	2	engine-ri
r_minEntLightIntensity	0x201	0.02	engine-ri
r_mode	0x21	3	engine-ri
r_nobind	0x200	0	engine-ri
r_nocull	0x200	0	engine-ri
r_noportals	0x200	0	engine-ri
r_norefresh	0x200	0	engine-ri
r_nv_fence	0x20	1	engine-ri
r_nv_fog_available	0x40	1	engine-ri
r_nv_fog_dist	0x21	1	engine-ri
r_nv_fogdist_mode	0x1	GL_EYE_RADIAL_NV	engine-ri
r_nv_register_combiners	0x20	2	engine-ri
r_nv_texture_shader	0x20	1	engine-ri
r_nv_vertex_array_range	0x20	2	engine-ri
r_offsetfactor	0x200	-1	engine-ri
r_offsetunits	0x200	-2	engine-ri
r_optimize	0x20	1	engine-ri
r_optimizeBackend	0x20	1	engine-ri
r_optimizeSModels	0x20	1	engine-ri
r_optimizeTextures	0x20	2	engine-ri
r_optimizeWorld	0x20	1	engine-ri
r_optimizeXModels	0x20	100	engine-ri
r_overBrightBits	0x21	1	engine-ri
r_picmip	0x21	1	engine-ri
r_picmip2	0x21	2	engine-ri
r_portalbevels	0x1	0.7	engine-ri
r_portalOnly	0x200	0	engine-ri
r_primitives	0x1	0	engine-ri
r_printShaders	0x0	0	engine-ri
r_profileDrawElements	0x200	0	engine-ri
r_railCoreWidth	0x1	1	engine-ri
r_railSegmentLength	0x1	32	engine-ri
r_railWidth	0x1	16	engine-ri
r_saveFontData	0x0	0	engine-ri
r_showaabbtrees	0x200	0	engine-ri
r_showCullBModels	0x200	0	engine-ri
r_showCullSModels	0x200	0	engine-ri
r_showCullXModels	0x200	0	engine-ri
r_showImages	0x100	0	engine-ri
r_showLeafLights	0x200	0	engine-ri
r_showportals	0x200	0	engine-ri
r_showsky	0x200	0	engine-ri
r_showsurfcounts	0x200	0	engine-ri
r_showtricounts	0x200	0	engine-ri
r_showtris	0x200	0	engine-ri
r_simpleMipMaps	0x21	1	engine-ri
r_singlecell	0x200	0	engine-ri
r_singleShader	0x220	0	engine-ri
r_skip_auto_config	0x21	0	engine-ri
r_skipBackEnd	0x200	0	engine-ri
r_smc_enable	0x0	1	engine-ri
r_speeds	0x200	0	engine-ri
r_stencilbits	0x21	8	engine-ri
r_sunblind_fadein	0x0	.5	engine-ri
r_sunblind_fadeout	0x0	3	engine-ri
r_sunblind_max_angle	0x0	5	engine-ri
r_sunblind_max_darken	0x0	.75	engine-ri
r_sunblind_min_angle	0x0	30	engine-ri
r_sunflare_fadein	0x0	1	engine-ri
r_sunflare_fadeout	0x0	1	engine-ri
r_sunflare_max_alpha	0x0	1	engine-ri
r_sunflare_max_angle	0x0	2	engine-ri
r_sunflare_max_size	0x0	2500	engine-ri
r_sunflare_min_angle	0x0	45	engine-ri
r_sunflare_min_size	0x0	0	engine-ri
r_sunflare_shader	0x0	sunFlareShader	engine-ri
r_sunglare_fadein	0x0	.5	engine-ri
r_sunglare_fadeout	0x0	3	engine-ri
r_sunglare_max_angle	0x0	5	engine-ri
r_sunglare_max_lighten	0x0	.75	engine-ri
r_sunglare_min_angle	0x0	30	engine-ri
r_sunsprite_shader	0x0	sun	engine-ri
r_sunsprite_size	0x0	16	engine-ri
r_suntest	0x200	0	engine-ri
r_swapDelay	0x1	0	engine-ri
r_swapInterval	0x1	0	engine-ri
r_texturebits	0x21	0	engine-ri
r_textureMode	0x1	GL_LINEAR_MIPMAP_NEAREST	engine-ri
r_uifullscreen	0x0	0	engine-ri
r_vbo_interleave	0x21	0	engine-ri
r_vbo_paranoia	0x1	0	engine-ri
r_vbo_smc_static_draw	0x21	1	engine-ri
r_vbo_stream_draw	0x21	1	engine-ri
r_vc_compile	0x0	0	engine
r_vc_makelog	0x20	0	engine-ri
r_vc_showlog	0x0	0	engine-ri
r_verbose	0x0	0	engine-ri
r_weightMipMaps	0x20	0	engine-ri
r_zfar	0x200	0	engine-ri
r_znear	0x200	4	engine-ri
r_znear_depthhack	0x200	0.1	engine-ri
rate	0x3	5000	engine
rconPassword	0x100	?	engine
sensitivity	0x1	5	engine
shortversion	0x44	1.5	engine
showdrop	0x100	0	engine
showpackets	0x100	0	engine
snaps	0x3	20	engine
sv_allowAnonymous	0x4	0	engine
sv_allowDownload	0x1	1	engine
sv_cheats	0x48	0	engine
sv_console_lockout	0x48	0	engine
sv_disableClientConsole	0x8	0	engine
sv_floodProtect	0x5	1	engine
sv_hostname	0x5	CoDHost	engine
sv_keywords	0x4	?	engine
sv_kickBanTime	0x0	300	engine
sv_killserver	0x0	0	engine
sv_mapRotation	0x0	?	engine
sv_mapRotationCurrent	0x0	?	engine
sv_maxclients	0x0	20	engine
sv_maxPing	0x5	0	engine
sv_maxRate	0x5	0	engine
sv_minPing	0x5	0	engine
sv_onlyVisibleClients	0x0	0	engine
sv_packet_info	0x0	0	engine
sv_padPackets	0x0	0	engine
sv_pakNames	0x48	?	engine
sv_paks	0x48	?	engine
sv_paused	0x40	0	engine
sv_privateClients	0x4	0	engine
sv_privatePassword	0x100	?	engine
sv_punkbuster	0x45	0	engine
sv_pure	0xc	1	engine
sv_reconnectlimit	0x0	3	engine
sv_referencedPakNames	0x48	?	engine
sv_referencedPaks	0x48	?	engine
sv_running	0x40	0	engine
sv_showAverageBPS	0x0	0	engine
sv_showCommands	0x0	0	engine
sv_showloss	0x0	0	engine
sv_wwwBaseURL	0x1	?	engine
sv_wwwDownload	0x1	0	engine
sys_configSum	0x41	0	engine
sys_cpuMHz	0x41	0	engine
sys_cpustring	0x0	detect	engine
sys_sysMB	0x41	0	engine
sys_vidMB	0x41	0	engine
timegraph	0x200	0	engine
timescale	0xa00	1	engine
version	0x100	0	cgame
vid_xpos	0x1	3	engine
vid_ypos	0x1	22	engine
viewlog	0x200	0	engine
